{
  "extends": "tslint:latest",
  "rules": {
    "no-namespace": false,
    "indent": [true, "spaces"],
    "quotemark": [true, "double", "avoid-escape"],
    "object-literal-sort-keys": false,
    "class-name": true,
    "semicolon": [true, "always"],
    "triple-equals": [true, "allow-null-check"],
    "eofline": true,
    "jsdoc-format": true,
    "member-access": true,
    "whitespace": [true,
      "check-decl",
      "check-operator",
      "check-separator",
      "check-type"
    ],
    "curly": true,    
    "max-line-length": [true, 200],
    "cyclomatic-complexity": [true, 20],
    "max-file-line-count": [true, 1000],

    "interface-over-type-literal": false,
    "prefer-for-of": false,
    "no-bitwise": false,
    "no-string-literal": false,
    "one-line": [false],
    "space-before-function-paren": false,
    "align": [false]
  },
  "rulesDirectory": []
}